id;time;property1;property2;property3;property4;property5;failed;time_of_death;details;type;orgin_id;network_id;contents
1;2020-05-04 05:40:38.632409;1;TRUE;"""2""";FALSE;2;FALSE;;"{""response_id"": 3, ""propagate_failure"": false}";headphone_trial;3;1;"{""url"": ""https://s3.amazonaws.com/headphone-check/antiphase_HC_ISO.wav"", ""label"": ""ISO"", ""correct_answer"": ""2""}"
2;2020-05-04 05:40:44.19531;1;TRUE;"""1""";FALSE;6;FALSE;;"{""response_id"": 4, ""propagate_failure"": false}";headphone_trial;7;1;"{""url"": ""https://s3.amazonaws.com/headphone-check/antiphase_HC_SOI.wav"", ""label"": ""SOI"", ""correct_answer"": ""1""}"
3;2020-05-04 05:40:49.538722;1;TRUE;"""3""";FALSE;12;FALSE;;"{""response_id"": 5, ""propagate_failure"": false}";headphone_trial;13;1;"{""url"": ""https://s3.amazonaws.com/headphone-check/antiphase_HC_OIS.wav"", ""label"": ""OIS"", ""correct_answer"": ""3""}"
4;2020-05-04 05:40:54.987882;1;TRUE;"""1""";FALSE;8;FALSE;;"{""response_id"": 6, ""propagate_failure"": false}";headphone_trial;9;1;"{""url"": ""https://s3.amazonaws.com/headphone-check/antiphase_HC_SIO.wav"", ""label"": ""SIO"", ""correct_answer"": ""1""}"
5;2020-05-04 05:41:00.205605;1;TRUE;"""2""";FALSE;10;FALSE;;"{""response_id"": 7, ""propagate_failure"": false}";headphone_trial;11;1;"{""url"": ""https://s3.amazonaws.com/headphone-check/antiphase_HC_OSI.wav"", ""label"": ""OSI"", ""correct_answer"": ""2""}"
6;2020-05-04 05:41:05.48562;1;TRUE;"""3""";FALSE;4;FALSE;;"{""response_id"": 8, ""propagate_failure"": false}";headphone_trial;5;1;"{""url"": ""https://s3.amazonaws.com/headphone-check/antiphase_HC_IOS.wav"", ""label"": ""IOS"", ""correct_answer"": ""3""}"
7;2020-05-04 05:42:06.531038;1;TRUE;-57.983.798.379.838;FALSE;;FALSE;;"{""response_id"": 17, ""propagate_failure"": false}";criticsm_trial;15;2;"{""vector"": [409.3769288114329, 353.2561759223054, -463.3460088816372, 74.92725114788902, -75.55213568049976], ""active_index"": 3, ""reverse_scale"": false}"
8;2020-05-04 05:43:08.806607;1;TRUE;-418.541.854.185.419;FALSE;;FALSE;;"{""response_id"": 22, ""propagate_failure"": false}";criticsm_trial;18;3;"{""vector"": [426.37871122746014, 288.4869219724376, 99.50286751586975, -156.86392928482343, -8.08665363585476], ""active_index"": 1, ""reverse_scale"": false}"
9;2020-05-04 05:43:29.555077;1;TRUE;-458.865.886.588.659;FALSE;;FALSE;;"{""response_id"": 23, ""propagate_failure"": false}";criticsm_trial;20;4;"{""vector"": [350.5853418348281, -30.32071889917711, -77.08798728925524, -103.58030259325585, -81.68490020687034], ""active_index"": 4, ""reverse_scale"": false}"
10;2020-05-04 05:43:41.921914;1;TRUE;-509.270.927.092.709;FALSE;;FALSE;;"{""response_id"": 24, ""propagate_failure"": false}";criticsm_trial;22;5;"{""vector"": [146.28026330356852, -516.9220550136621, -162.69438775810886, -486.3735161618801, -455.98138131337384], ""active_index"": 1, ""reverse_scale"": false}"
11;2020-05-04 05:43:57.63722;1;TRUE;-257.125.712.571.257;FALSE;;FALSE;;"{""response_id"": 25, ""propagate_failure"": false}";criticsm_trial;23;3;"{""vector"": [426.37871122746014, -418.541854185419, 84.60240204370336, -156.86392928482343, -8.08665363585476], ""active_index"": 2, ""reverse_scale"": false}"
12;2020-05-04 05:44:13.345858;1;TRUE;-57.983.798.379.838;FALSE;;FALSE;;"{""response_id"": 26, ""propagate_failure"": false}";criticsm_trial;24;4;"{""vector"": [-427.10910223248163, -30.32071889917711, -77.08798728925524, -103.58030259325585, -458.865886588659], ""active_index"": 0, ""reverse_scale"": false}"
13;2020-05-04 05:44:25.382625;1;TRUE;-307.530.753.075.308;FALSE;;FALSE;;"{""response_id"": 27, ""propagate_failure"": false}";criticsm_trial;25;5;"{""vector"": [146.28026330356852, -509.270927092709, -191.94141806504263, -486.3735161618801, -455.98138131337384], ""active_index"": 2, ""reverse_scale"": false}"
14;2020-05-04 05:44:39.821652;1;TRUE;-56.975.697.569.757;FALSE;;FALSE;;"{""response_id"": 28, ""propagate_failure"": false}";criticsm_trial;26;3;"{""vector"": [426.37871122746014, -418.541854185419, -257.125712571257, 175.83445158180257, -8.08665363585476], ""active_index"": 3, ""reverse_scale"": false}"
15;2020-05-04 05:44:53.420983;1;TRUE;-54.959.495.949.595;FALSE;;FALSE;;"{""response_id"": 29, ""propagate_failure"": false}";criticsm_trial;27;4;"{""vector"": [-579.83798379838, 295.7255123615712, -77.08798728925524, -103.58030259325585, -458.865886588659], ""active_index"": 1, ""reverse_scale"": false}"
16;2020-05-04 05:45:02.934068;1;TRUE;-53.951.395.139.514;FALSE;;FALSE;;"{""response_id"": 30, ""propagate_failure"": false}";criticsm_trial;28;5;"{""vector"": [146.28026330356852, -509.270927092709, -307.530753075308, -220.98508578520716, -455.98138131337384], ""active_index"": 3, ""reverse_scale"": false}"
17;2020-05-04 05:45:13.447474;1;TRUE;-529.432.943.294.329;FALSE;;FALSE;;"{""response_id"": 31, ""propagate_failure"": false}";criticsm_trial;29;3;"{""vector"": [426.37871122746014, -418.541854185419, -257.125712571257, -569.75697569757, -202.54612367017876], ""active_index"": 4, ""reverse_scale"": false}"
18;2020-05-04 05:45:32.287102;1;TRUE;-509.270.927.092.709;FALSE;;FALSE;;"{""response_id"": 32, ""propagate_failure"": false}";criticsm_trial;30;4;"{""vector"": [-579.83798379838, -549.59495949595, -387.97914428852795, -103.58030259325585, -458.865886588659], ""active_index"": 2, ""reverse_scale"": false}"
19;2020-05-04 05:45:44.151012;1;TRUE;-458.865.886.588.659;FALSE;;FALSE;;"{""response_id"": 33, ""propagate_failure"": false}";criticsm_trial;31;5;"{""vector"": [146.28026330356852, -509.270927092709, -307.530753075308, -539.51395139514, -38.58945170168511], ""active_index"": 4, ""reverse_scale"": false}"
20;2020-05-04 05:45:54.890227;1;TRUE;-54.959.495.949.595;FALSE;;FALSE;;"{""response_id"": 34, ""propagate_failure"": false}";criticsm_trial;32;3;"{""vector"": [-117.06987497585851, -418.541854185419, -257.125712571257, -569.75697569757, -529.432943294329], ""active_index"": 0, ""reverse_scale"": false}"
21;2020-05-04 05:46:07.124233;1;TRUE;186.558.655.865.587;FALSE;;FALSE;;"{""response_id"": 35, ""propagate_failure"": false}";criticsm_trial;33;4;"{""vector"": [-579.83798379838, -549.59495949595, -509.270927092709, -300.7008191264515, -458.865886588659], ""active_index"": 3, ""reverse_scale"": false}"
22;2020-05-04 05:46:18.467529;1;TRUE;438.703.870.387.039;FALSE;;FALSE;;"{""response_id"": 36, ""propagate_failure"": false}";criticsm_trial;34;5;"{""vector"": [237.663737653648, -509.270927092709, -307.530753075308, -539.51395139514, -458.865886588659], ""active_index"": 0, ""reverse_scale"": false}"
23;2020-05-04 05:46:38.902139;1;TRUE;-499.189.918.991.899;FALSE;;FALSE;;"{""response_id"": 37, ""propagate_failure"": false}";criticsm_trial;35;3;"{""vector"": [-549.59495949595, -584.3081609040547, -257.125712571257, -569.75697569757, -529.432943294329], ""active_index"": 1, ""reverse_scale"": false}"
24;2020-05-04 05:46:52.221073;1;TRUE;-247.044.704.470.447;FALSE;;FALSE;;"{""response_id"": 38, ""propagate_failure"": false}";criticsm_trial;36;4;"{""vector"": [-579.83798379838, -549.59495949595, -509.270927092709, 186.558655865587, -273.2176397255524], ""active_index"": 4, ""reverse_scale"": false}"
25;2020-05-04 05:47:01.323942;1;TRUE;-958.295.829.582.958;FALSE;;FALSE;;"{""response_id"": 39, ""propagate_failure"": false}";criticsm_trial;37;5;"{""vector"": [438.703870387039, 23.443854519925708, -307.530753075308, -539.51395139514, -458.865886588659], ""active_index"": 1, ""reverse_scale"": false}"
26;2020-05-04 05:47:13.694466;1;TRUE;196.639.663.966.397;FALSE;;FALSE;;"{""response_id"": 40, ""propagate_failure"": false}";criticsm_trial;38;3;"{""vector"": [-549.59495949595, -499.189918991899, -342.601556209592, -569.75697569757, -529.432943294329], ""active_index"": 2, ""reverse_scale"": false}"
27;2020-05-04 05:47:24.618471;1;TRUE;-56.975.697.569.757;FALSE;;FALSE;;"{""response_id"": 41, ""propagate_failure"": false}";criticsm_trial;39;4;"{""vector"": [-349.49162163897984, -549.59495949595, -509.270927092709, 186.558655865587, -247.044704470447], ""active_index"": 0, ""reverse_scale"": false}"
28;2020-05-04 05:47:36.669317;1;TRUE;-56.975.697.569.757;FALSE;;FALSE;;"{""response_id"": 42, ""propagate_failure"": false}";criticsm_trial;40;5;"{""vector"": [438.703870387039, -95.8295829582958, -374.7836040599042, -539.51395139514, -458.865886588659], ""active_index"": 2, ""reverse_scale"": false}"
29;2020-05-04 05:47:46.363684;1;TRUE;-56.975.697.569.757;FALSE;;FALSE;;"{""response_id"": 43, ""propagate_failure"": false}";criticsm_trial;42;4;"{""vector"": [-569.75697569757, 218.15305279346967, -509.270927092709, 186.558655865587, -247.044704470447], ""active_index"": 1, ""reverse_scale"": false}"
30;2020-05-04 05:47:57.548397;1;TRUE;-55.967.596.759.676;FALSE;;FALSE;;"{""response_id"": 44, ""propagate_failure"": false}";criticsm_trial;43;5;"{""vector"": [438.703870387039, -95.8295829582958, -569.75697569757, 534.9259906370123, -458.865886588659], ""active_index"": 3, ""reverse_scale"": false}"
31;2020-05-04 05:48:07.269075;1;TRUE;-56.975.697.569.757;FALSE;;FALSE;;"{""response_id"": 45, ""propagate_failure"": false}";criticsm_trial;41;3;"{""vector"": [-549.59495949595, -499.189918991899, 196.639663966397, -227.86370023616888, -529.432943294329], ""active_index"": 3, ""reverse_scale"": false}"
32;2020-05-04 05:48:19.113036;1;TRUE;-519.351.935.193.519;FALSE;;FALSE;;"{""response_id"": 46, ""propagate_failure"": false}";criticsm_trial;44;4;"{""vector"": [-569.75697569757, -569.75697569757, -422.5358100021927, 186.558655865587, -247.044704470447], ""active_index"": 2, ""reverse_scale"": false}"
33;2020-05-04 05:48:28.279254;1;TRUE;-58.991.899.189.919;FALSE;;FALSE;;"{""response_id"": 47, ""propagate_failure"": false}";criticsm_trial;45;5;"{""vector"": [438.703870387039, -95.8295829582958, -569.75697569757, -559.67596759676, -271.9284917094306], ""active_index"": 4, ""reverse_scale"": false}"
34;2020-05-04 05:48:52.061393;1;TRUE;555.055.505.550.555;FALSE;;FALSE;;"{""response_id"": 48, ""propagate_failure"": false}";criticsm_trial;46;3;"{""vector"": [-549.59495949595, -499.189918991899, 196.639663966397, -569.75697569757, 154.7992336140104], ""active_index"": 4, ""reverse_scale"": false}"
35;2020-05-04 05:49:04.422804;1;TRUE;347.854.785.478.548;FALSE;;FALSE;;"{""response_id"": 49, ""propagate_failure"": false}";criticsm_trial;47;4;"{""vector"": [-569.75697569757, -569.75697569757, -519.351935193519, 127.7108520644922, -247.044704470447], ""active_index"": 3, ""reverse_scale"": false}"
36;2020-05-04 05:49:15.820715;1;TRUE;-58.991.899.189.919;FALSE;;FALSE;;"{""response_id"": 50, ""propagate_failure"": false}";criticsm_trial;48;5;"{""vector"": [301.34022509429826, -95.8295829582958, -569.75697569757, -559.67596759676, -589.91899189919], ""active_index"": 0, ""reverse_scale"": false}"
37;2020-05-04 05:49:25.659504;1;TRUE;-57.983.798.379.838;FALSE;;FALSE;;"{""response_id"": 51, ""propagate_failure"": false}";criticsm_trial;49;3;"{""vector"": [389.72157832504877, -499.189918991899, 196.639663966397, -569.75697569757, 55.5055505550555], ""active_index"": 0, ""reverse_scale"": false}"
38;2020-05-04 05:50:11.668904;1;TRUE;539.513.951.395.139;FALSE;;FALSE;;"{""response_id"": 58, ""propagate_failure"": false}";suggestion_trial;54;6;"{""vector"": [104.29820268495803, 53.13684522984158, 383.4631531174374, 569.0847610835751, 10.873186856019856], ""active_index"": 3, ""reverse_scale"": false}"
39;2020-05-04 05:50:20.075289;1;TRUE;105.910.591.059.106;FALSE;;FALSE;;"{""response_id"": 59, ""propagate_failure"": false}";suggestion_trial;56;7;"{""vector"": [184.33804650514696, -224.9236170742853, -200.79723340462039, 136.7053452619981, -142.50381358621416], ""active_index"": 0, ""reverse_scale"": false}"
40;2020-05-04 05:50:30.320462;1;TRUE;-499.189.918.991.899;FALSE;;FALSE;;"{""response_id"": 60, ""propagate_failure"": false}";suggestion_trial;58;8;"{""vector"": [193.54065366250848, 218.82114108118458, 316.31759111414806, -536.2182173797869, -128.5912866405244], ""active_index"": 3, ""reverse_scale"": false}"
41;2020-05-04 05:50:39.745581;1;TRUE;166.396.639.663.966;FALSE;;FALSE;;"{""response_id"": 61, ""propagate_failure"": false}";suggestion_trial;59;6;"{""vector"": [104.29820268495803, 53.13684522984158, 383.4631531174374, 539.513951395139, 39.71860523343389], ""active_index"": 4, ""reverse_scale"": false}"
42;2020-05-04 05:50:48.222098;1;TRUE;151.815.181.518.152;FALSE;;FALSE;;"{""response_id"": 62, ""propagate_failure"": false}";suggestion_trial;61;8;"{""vector"": [193.54065366250848, 218.82114108118458, 316.31759111414806, -499.189918991899, -378.5174487379553], ""active_index"": 4, ""reverse_scale"": false}"
43;2020-05-04 05:51:05.779534;1;TRUE;555.055.505.550.555;FALSE;;FALSE;;"{""response_id"": 63, ""propagate_failure"": false}";suggestion_trial;62;6;"{""vector"": [116.49122898691508, 53.13684522984158, 383.4631531174374, 539.513951395139, 166.396639663966], ""active_index"": 0, ""reverse_scale"": false}"
44;2020-05-04 05:51:14.627689;1;TRUE;-156.315.631.563.156;FALSE;;FALSE;;"{""response_id"": 64, ""propagate_failure"": false}";suggestion_trial;63;8;"{""vector"": [182.73599926432803, 218.82114108118458, 316.31759111414806, -499.189918991899, 15.1815181518152], ""active_index"": 0, ""reverse_scale"": false}"
45;2020-05-04 05:51:27.838969;1;TRUE;756.675.667.566.757;FALSE;;FALSE;;"{""response_id"": 65, ""propagate_failure"": false}";suggestion_trial;64;6;"{""vector"": [55.5055505550555, -599.6330946626086, 383.4631531174374, 539.513951395139, 166.396639663966], ""active_index"": 1, ""reverse_scale"": false}"
46;2020-05-04 05:51:36.61315;1;TRUE;317.611.761.176.118;FALSE;;FALSE;;"{""response_id"": 66, ""propagate_failure"": false}";suggestion_trial;65;8;"{""vector"": [-156.315631563156, -10.187137833284396, 316.31759111414806, -499.189918991899, 15.1815181518152], ""active_index"": 1, ""reverse_scale"": false}"
47;2020-05-04 05:51:51.865379;1;TRUE;186.558.655.865.587;FALSE;;FALSE;;"{""response_id"": 67, ""propagate_failure"": false}";suggestion_trial;66;6;"{""vector"": [55.5055505550555, 75.6675667566757, 172.79797089990916, 539.513951395139, 166.396639663966], ""active_index"": 2, ""reverse_scale"": false}"
48;2020-05-04 05:52:01.212566;1;TRUE;58.991.899.189.919;FALSE;;FALSE;;"{""response_id"": 68, ""propagate_failure"": false}";suggestion_trial;67;8;"{""vector"": [-156.315631563156, 317.611761176118, 502.9810738606386, -499.189918991899, 15.1815181518152], ""active_index"": 2, ""reverse_scale"": false}"
49;2020-05-04 05:52:13.071729;1;TRUE;509.270.927.092.709;FALSE;;FALSE;;"{""response_id"": 69, ""propagate_failure"": false}";suggestion_trial;68;6;"{""vector"": [55.5055505550555, 75.6675667566757, 186.558655865587, -325.3482916512295, 166.396639663966], ""active_index"": 3, ""reverse_scale"": false}"
50;2020-05-04 05:52:32.808909;1;TRUE;-247.044.704.470.447;FALSE;;FALSE;;"{""response_id"": 70, ""propagate_failure"": false}";suggestion_trial;69;8;"{""vector"": [-156.315631563156, 317.611761176118, 589.91899189919, -244.2993171142458, 15.1815181518152], ""active_index"": 3, ""reverse_scale"": false}"
51;2020-05-04 05:52:42.944232;1;TRUE;368.016.801.680.168;FALSE;;FALSE;;"{""response_id"": 71, ""propagate_failure"": false}";suggestion_trial;70;6;"{""vector"": [55.5055505550555, 75.6675667566757, 186.558655865587, 509.270927092709, 377.23757340961254], ""active_index"": 4, ""reverse_scale"": false}"
52;2020-05-04 05:53:00.575926;1;TRUE;448.784.878.487.849;FALSE;;FALSE;;"{""response_id"": 72, ""propagate_failure"": false}";suggestion_trial;71;8;"{""vector"": [-156.315631563156, 317.611761176118, 589.91899189919, -247.044704470447, 289.593909154118], ""active_index"": 4, ""reverse_scale"": false}"
53;2020-05-04 05:53:09.467858;1;TRUE;-196.639.663.966.397;FALSE;;FALSE;;"{""response_id"": 73, ""propagate_failure"": false}";suggestion_trial;72;6;"{""vector"": [499.6508431136144, 75.6675667566757, 186.558655865587, 509.270927092709, 368.016801680168], ""active_index"": 0, ""reverse_scale"": false}"
54;2020-05-04 05:53:17.882187;1;TRUE;-176.477.647.764.776;FALSE;;FALSE;;"{""response_id"": 74, ""propagate_failure"": false}";suggestion_trial;73;8;"{""vector"": [322.4077263031244, 317.611761176118, 589.91899189919, -247.044704470447, 448.784878487849], ""active_index"": 0, ""reverse_scale"": false}"
55;2020-05-04 05:53:29.775015;1;TRUE;206.720.672.067.207;FALSE;;FALSE;;"{""response_id"": 75, ""propagate_failure"": false}";suggestion_trial;74;6;"{""vector"": [-196.639663966397, -436.19051936564966, 186.558655865587, 509.270927092709, 368.016801680168], ""active_index"": 1, ""reverse_scale"": false}"
56;2020-05-04 05:53:44.338345;1;TRUE;136.153.615.361.536;FALSE;;FALSE;;"{""response_id"": 76, ""propagate_failure"": false}";suggestion_trial;75;8;"{""vector"": [-176.477647764776, -116.55933061040542, 589.91899189919, -247.044704470447, 448.784878487849], ""active_index"": 1, ""reverse_scale"": false}"
57;2020-05-04 05:53:54.40392;1;TRUE;186.558.655.865.587;FALSE;;FALSE;;"{""response_id"": 77, ""propagate_failure"": false}";suggestion_trial;76;6;"{""vector"": [-196.639663966397, 206.720672067207, -32.819802112038474, 509.270927092709, 368.016801680168], ""active_index"": 2, ""reverse_scale"": false}"
58;2020-05-04 05:54:07.065636;1;TRUE;-857.485.748.574.858;FALSE;;FALSE;;"{""response_id"": 78, ""propagate_failure"": false}";suggestion_trial;77;8;"{""vector"": [-176.477647764776, 136.153615361536, 365.524971303141, -247.044704470447, 448.784878487849], ""active_index"": 2, ""reverse_scale"": false}"
59;2020-05-04 07:28:37.470682;2;TRUE;"""3""";FALSE;4;FALSE;;"{""response_id"": 81, ""propagate_failure"": false}";headphone_trial;5;1;"{""url"": ""https://s3.amazonaws.com/headphone-check/antiphase_HC_IOS.wav"", ""label"": ""IOS"", ""correct_answer"": ""3""}"
60;2020-05-04 07:28:43.941701;2;TRUE;"""1""";FALSE;8;FALSE;;"{""response_id"": 82, ""propagate_failure"": false}";headphone_trial;9;1;"{""url"": ""https://s3.amazonaws.com/headphone-check/antiphase_HC_SIO.wav"", ""label"": ""SIO"", ""correct_answer"": ""1""}"
61;2020-05-04 07:28:50.355974;2;TRUE;"""2""";FALSE;2;FALSE;;"{""response_id"": 83, ""propagate_failure"": false}";headphone_trial;3;1;"{""url"": ""https://s3.amazonaws.com/headphone-check/antiphase_HC_ISO.wav"", ""label"": ""ISO"", ""correct_answer"": ""2""}"
62;2020-05-04 07:28:56.068556;2;TRUE;"""2""";FALSE;10;FALSE;;"{""response_id"": 84, ""propagate_failure"": false}";headphone_trial;11;1;"{""url"": ""https://s3.amazonaws.com/headphone-check/antiphase_HC_OSI.wav"", ""label"": ""OSI"", ""correct_answer"": ""2""}"
63;2020-05-04 07:29:04.051657;2;TRUE;"""1""";FALSE;6;FALSE;;"{""response_id"": 85, ""propagate_failure"": false}";headphone_trial;7;1;"{""url"": ""https://s3.amazonaws.com/headphone-check/antiphase_HC_SOI.wav"", ""label"": ""SOI"", ""correct_answer"": ""1""}"
64;2020-05-04 07:29:10.522532;2;TRUE;"""3""";FALSE;12;FALSE;;"{""response_id"": 86, ""propagate_failure"": false}";headphone_trial;13;1;"{""url"": ""https://s3.amazonaws.com/headphone-check/antiphase_HC_OIS.wav"", ""label"": ""OIS"", ""correct_answer"": ""3""}"
65;2020-05-04 07:31:09.534216;2;TRUE;600;FALSE;;FALSE;;"{""response_id"": 94, ""propagate_failure"": false}";criticsm_trial;81;9;"{""vector"": [-252.41539855927016, 536.7631539107083, -250.6082728018747, -575.4033591883417, -576.6153063471376], ""active_index"": 2, ""reverse_scale"": false}"
66;2020-05-04 07:41:08.43947;3;TRUE;"""1""";FALSE;10;FALSE;;"{""response_id"": 275, ""propagate_failure"": false}";headphone_trial;11;1;"{""url"": ""https://s3.amazonaws.com/headphone-check/antiphase_HC_OSI.wav"", ""label"": ""OSI"", ""correct_answer"": ""2""}"
67;2020-05-04 07:41:18.74006;3;TRUE;"""1""";FALSE;8;FALSE;;"{""response_id"": 280, ""propagate_failure"": false}";headphone_trial;9;1;"{""url"": ""https://s3.amazonaws.com/headphone-check/antiphase_HC_SIO.wav"", ""label"": ""SIO"", ""correct_answer"": ""1""}"
68;2020-05-04 07:41:28.265959;3;TRUE;"""1""";FALSE;6;FALSE;;"{""response_id"": 283, ""propagate_failure"": false}";headphone_trial;7;1;"{""url"": ""https://s3.amazonaws.com/headphone-check/antiphase_HC_SOI.wav"", ""label"": ""SOI"", ""correct_answer"": ""1""}"
69;2020-05-04 07:41:36.556568;3;TRUE;"""3""";FALSE;12;FALSE;;"{""response_id"": 287, ""propagate_failure"": false}";headphone_trial;13;1;"{""url"": ""https://s3.amazonaws.com/headphone-check/antiphase_HC_OIS.wav"", ""label"": ""OIS"", ""correct_answer"": ""3""}"
70;2020-05-04 07:41:45.264923;3;TRUE;"""2""";FALSE;2;FALSE;;"{""response_id"": 291, ""propagate_failure"": false}";headphone_trial;3;1;"{""url"": ""https://s3.amazonaws.com/headphone-check/antiphase_HC_ISO.wav"", ""label"": ""ISO"", ""correct_answer"": ""2""}"
71;2020-05-04 07:41:55.373074;3;TRUE;"""3""";FALSE;4;FALSE;;"{""response_id"": 294, ""propagate_failure"": false}";headphone_trial;5;1;"{""url"": ""https://s3.amazonaws.com/headphone-check/antiphase_HC_IOS.wav"", ""label"": ""IOS"", ""correct_answer"": ""3""}"
72;2020-05-04 07:43:33.809389;3;TRUE;-600;FALSE;;FALSE;;"{""response_id"": 345, ""propagate_failure"": false}";criticsm_trial;90;13;"{""vector"": [106.93563592151418, -227.7023288105729, 297.9442665896603, 348.44095273503433, 184.0408870942066], ""active_index"": 4, ""reverse_scale"": false}"
73;2020-05-04 07:46:20.873748;3;TRUE;600;FALSE;;FALSE;;"{""response_id"": 410, ""propagate_failure"": false}";suggestion_trial;93;14;"{""vector"": [233.91727220274765, 486.68968659385473, -542.8167162820866, -341.59137609635275, -322.6719693787523], ""active_index"": 2, ""reverse_scale"": false}"
74;2020-05-04 07:46:55.654517;3;TRUE;600;FALSE;;FALSE;;"{""response_id"": 416, ""propagate_failure"": false}";suggestion_trial;95;15;"{""vector"": [-71.99266598478164, -90.74309737177867, -315.71005281529835, -196.116275100226, 179.72517087997483], ""active_index"": 3, ""reverse_scale"": false}"
75;04.05.20 07:47;3;TRUE;600;FALSE;;FALSE;;"{""response_id"": 422, ""propagate_failure"": false}";suggestion_trial;97;16;"{""vector"": [-123.18458686230122, -209.61513189961727, -196.8486802226327, 225.32249043565685, 362.34125682820047], ""active_index"": 3, ""reverse_scale"": false}"
76;2020-05-04 07:47:23.206057;3;TRUE;-600;FALSE;;FALSE;;"{""response_id"": 430, ""propagate_failure"": false}";suggestion_trial;98;14;"{""vector"": [233.91727220274765, 486.68968659385473, 600, 535.1452890705355, -322.6719693787523], ""active_index"": 3, ""reverse_scale"": false}"
77;2020-05-04 07:47:41.212098;3;TRUE;600;FALSE;;FALSE;;"{""response_id"": 435, ""propagate_failure"": false}";suggestion_trial;100;16;"{""vector"": [-123.18458686230122, -209.61513189961727, -196.8486802226327, 600, 355.03833272081386], ""active_index"": 4, ""reverse_scale"": false}"
78;2020-05-04 07:47:52.435031;3;TRUE;600;FALSE;;FALSE;;"{""response_id"": 441, ""propagate_failure"": false}";suggestion_trial;99;15;"{""vector"": [-71.99266598478164, -90.74309737177867, -315.71005281529835, 600, -486.7852129248997], ""active_index"": 4, ""reverse_scale"": false}"
79;2020-05-04 07:48:05.013114;3;TRUE;600;FALSE;;FALSE;;"{""response_id"": 450, ""propagate_failure"": false}";suggestion_trial;101;14;"{""vector"": [233.91727220274765, 486.68968659385473, 600, -600, -539.1818103387889], ""active_index"": 4, ""reverse_scale"": false}"
80;2020-05-04 07:48:17.818239;4;TRUE;"""3""";FALSE;12;FALSE;;"{""response_id"": 452, ""propagate_failure"": false}";headphone_trial;13;1;"{""url"": ""https://s3.amazonaws.com/headphone-check/antiphase_HC_OIS.wav"", ""label"": ""OIS"", ""correct_answer"": ""3""}"
81;2020-05-04 07:48:23.287073;3;TRUE;-600;FALSE;;FALSE;;"{""response_id"": 458, ""propagate_failure"": false}";suggestion_trial;102;16;"{""vector"": [557.7418359645692, -209.61513189961727, -196.8486802226327, 600, 600], ""active_index"": 0, ""reverse_scale"": false}"
82;2020-05-04 07:48:24.452293;4;TRUE;"""1""";FALSE;8;FALSE;;"{""response_id"": 455, ""propagate_failure"": false}";headphone_trial;9;1;"{""url"": ""https://s3.amazonaws.com/headphone-check/antiphase_HC_SIO.wav"", ""label"": ""SIO"", ""correct_answer"": ""1""}"
83;2020-05-04 07:48:30.411957;4;TRUE;"""3""";FALSE;4;FALSE;;"{""response_id"": 459, ""propagate_failure"": false}";headphone_trial;5;1;"{""url"": ""https://s3.amazonaws.com/headphone-check/antiphase_HC_IOS.wav"", ""label"": ""IOS"", ""correct_answer"": ""3""}"
84;2020-05-04 07:48:36.094271;3;TRUE;-600;FALSE;;FALSE;;"{""response_id"": 467, ""propagate_failure"": false}";suggestion_trial;103;15;"{""vector"": [-1.6339266842497864, -90.74309737177867, -315.71005281529835, 600, 600], ""active_index"": 0, ""reverse_scale"": false}"
85;2020-05-04 07:48:36.633282;4;TRUE;"""2""";FALSE;2;FALSE;;"{""response_id"": 463, ""propagate_failure"": false}";headphone_trial;3;1;"{""url"": ""https://s3.amazonaws.com/headphone-check/antiphase_HC_ISO.wav"", ""label"": ""ISO"", ""correct_answer"": ""2""}"
86;2020-05-04 07:48:43.191115;4;TRUE;"""1""";FALSE;6;FALSE;;"{""response_id"": 466, ""propagate_failure"": false}";headphone_trial;7;1;"{""url"": ""https://s3.amazonaws.com/headphone-check/antiphase_HC_SOI.wav"", ""label"": ""SOI"", ""correct_answer"": ""1""}"
87;2020-05-04 07:48:49.27032;4;TRUE;"""2""";FALSE;10;FALSE;;"{""response_id"": 470, ""propagate_failure"": false}";headphone_trial;11;1;"{""url"": ""https://s3.amazonaws.com/headphone-check/antiphase_HC_OSI.wav"", ""label"": ""OSI"", ""correct_answer"": ""2""}"
88;2020-05-04 07:48:51.332646;3;TRUE;-600;FALSE;;FALSE;;"{""response_id"": 480, ""propagate_failure"": false}";suggestion_trial;104;14;"{""vector"": [259.86455915719034, 486.68968659385473, 600, -600, 600], ""active_index"": 0, ""reverse_scale"": false}"
89;2020-05-04 07:49:11.253413;3;TRUE;-600;FALSE;;FALSE;;"{""response_id"": 483, ""propagate_failure"": false}";suggestion_trial;105;16;"{""vector"": [-600, 416.33409171012886, -196.8486802226327, 600, 600], ""active_index"": 1, ""reverse_scale"": false}"
90;2020-05-04 07:49:26.066704;3;TRUE;-600;FALSE;;FALSE;;"{""response_id"": 485, ""propagate_failure"": false}";suggestion_trial;106;15;"{""vector"": [-600, -408.37287854103556, -315.71005281529835, 600, 600], ""active_index"": 1, ""reverse_scale"": false}"
91;2020-05-04 07:49:45.509845;3;TRUE;-510.051.005.100.511;FALSE;;FALSE;;"{""response_id"": 486, ""propagate_failure"": false}";suggestion_trial;108;16;"{""vector"": [-600, -600, 358.8372404734823, 600, 600], ""active_index"": 2, ""reverse_scale"": false}"
92;2020-05-04 07:50:05.097207;3;TRUE;151.815.181.518.152;FALSE;;FALSE;;"{""response_id"": 489, ""propagate_failure"": false}";suggestion_trial;109;15;"{""vector"": [-600, -600, 275.2125594469902, 600, 600], ""active_index"": 2, ""reverse_scale"": false}"
93;2020-05-04 07:50:09.571805;4;TRUE;317.611.761.176.118;FALSE;;FALSE;;"{""response_id"": 490, ""propagate_failure"": false}";criticsm_trial;112;17;"{""vector"": [389.43844738684413, 565.402256131812, 241.87917435238614, -244.63050863876526, -535.8605909046553], ""active_index"": 1, ""reverse_scale"": false}"
94;2020-05-04 07:50:20.36369;3;TRUE;-510.051.005.100.511;FALSE;;FALSE;;"{""response_id"": 491, ""propagate_failure"": false}";suggestion_trial;107;14;"{""vector"": [-600, 263.37699402621865, 600, -600, 600], ""active_index"": 1, ""reverse_scale"": false}"
95;2020-05-04 07:51:11.391645;3;TRUE;151.815.181.518.152;FALSE;;FALSE;;"{""response_id"": 495, ""propagate_failure"": false}";suggestion_trial;110;16;"{""vector"": [-600, -600, -5.10051005100511, 201.30167389360565, 600], ""active_index"": 3, ""reverse_scale"": false}"
96;2020-05-04 07:51:38.142192;4;TRUE;-428.622.862.286.229;FALSE;;FALSE;;"{""response_id"": 501, ""propagate_failure"": false}";criticsm_trial;117;18;"{""vector"": [-463.95182074366426, 367.8393047417844, -546.3778610150433, -79.32652404014857, 319.32215337469665], ""active_index"": 2, ""reverse_scale"": false}"
97;2020-05-04 07:51:38.403481;3;TRUE;600;FALSE;;FALSE;;"{""response_id"": 497, ""propagate_failure"": false}";suggestion_trial;113;15;"{""vector"": [-600, -600, 15.1815181518152, -521.6011623950168, 600], ""active_index"": 3, ""reverse_scale"": false}"
98;2020-05-04 07:51:54.798411;3;TRUE;-600;FALSE;;FALSE;;"{""response_id"": 498, ""propagate_failure"": false}";suggestion_trial;115;14;"{""vector"": [-600, -5.10051005100511, 540.8736805021822, -600, 600], ""active_index"": 2, ""reverse_scale"": false}"
99;2020-05-04 07:52:14.395205;3;TRUE;600;FALSE;;FALSE;;"{""response_id"": 499, ""propagate_failure"": false}";suggestion_trial;123;15;"{""vector"": [-600, -600, 15.1815181518152, 600, 578.3554994315916], ""active_index"": 4, ""reverse_scale"": false}"
100;2020-05-04 07:52:25.668912;3;TRUE;600;FALSE;;FALSE;;"{""response_id"": 502, ""propagate_failure"": false}";suggestion_trial;124;14;"{""vector"": [-600, -5.10051005100511, -600, 596.2719688833047, 600], ""active_index"": 3, ""reverse_scale"": false}"
101;2020-05-04 07:52:25.865085;5;TRUE;"""2""";FALSE;6;TRUE;2020-05-04 07:53:32.75468;"{""response_id"": 504, ""propagate_failure"": false}";headphone_trial;7;1;"{""url"": ""https://s3.amazonaws.com/headphone-check/antiphase_HC_SOI.wav"", ""label"": ""SOI"", ""correct_answer"": ""1""}"
102;2020-05-04 07:52:34.724102;4;TRUE;-327.692.769.276.928;FALSE;;FALSE;;"{""response_id"": 513, ""propagate_failure"": false}";criticsm_trial;119;19;"{""vector"": [-496.2883732687658, -251.04526915503993, -585.3435154200333, -33.237551571251515, 154.8016110167573], ""active_index"": 0, ""reverse_scale"": false}"
103;2020-05-04 07:52:38.703332;3;TRUE;600;FALSE;;FALSE;;"{""response_id"": 503, ""propagate_failure"": false}";suggestion_trial;122;16;"{""vector"": [-600, -600, -5.10051005100511, 15.1815181518152, -565.8217528700393], ""active_index"": 4, ""reverse_scale"": false}"
104;2020-05-04 07:52:52.674477;3;TRUE;-600;FALSE;;FALSE;;"{""response_id"": 506, ""propagate_failure"": false}";suggestion_trial;125;15;"{""vector"": [-52.15854531346292, -600, 15.1815181518152, 600, 600], ""active_index"": 0, ""reverse_scale"": false}"
105;2020-05-04 07:52:54.290818;5;TRUE;"""3""";FALSE;2;TRUE;2020-05-04 07:53:32.754623;"{""response_id"": 505, ""propagate_failure"": false}";headphone_trial;3;1;"{""url"": ""https://s3.amazonaws.com/headphone-check/antiphase_HC_ISO.wav"", ""label"": ""ISO"", ""correct_answer"": ""2""}"
106;2020-05-04 07:53:01.227604;5;TRUE;"""1""";FALSE;10;TRUE;2020-05-04 07:53:32.754751;"{""response_id"": 507, ""propagate_failure"": false}";headphone_trial;11;1;"{""url"": ""https://s3.amazonaws.com/headphone-check/antiphase_HC_OSI.wav"", ""label"": ""OSI"", ""correct_answer"": ""2""}"
107;2020-05-04 07:53:03.611715;3;TRUE;600;FALSE;;FALSE;;"{""response_id"": 509, ""propagate_failure"": false}";suggestion_trial;127;14;"{""vector"": [-600, -5.10051005100511, -600, 600, -554.8328016839175], ""active_index"": 4, ""reverse_scale"": false}"
108;2020-05-04 07:53:09.499295;5;TRUE;"""1""";FALSE;4;TRUE;2020-05-04 07:53:32.754785;"{""response_id"": 508, ""propagate_failure"": false}";headphone_trial;5;1;"{""url"": ""https://s3.amazonaws.com/headphone-check/antiphase_HC_IOS.wav"", ""label"": ""IOS"", ""correct_answer"": ""3""}"
109;2020-05-04 07:53:20.160539;5;TRUE;"""2""";FALSE;8;TRUE;2020-05-04 07:53:32.75482;"{""response_id"": 510, ""propagate_failure"": false}";headphone_trial;9;1;"{""url"": ""https://s3.amazonaws.com/headphone-check/antiphase_HC_SIO.wav"", ""label"": ""SIO"", ""correct_answer"": ""1""}"
110;2020-05-04 07:53:23.262748;3;TRUE;-600;FALSE;;FALSE;;"{""response_id"": 512, ""propagate_failure"": false}";suggestion_trial;128;16;"{""vector"": [10.12164174636348, -600, -5.10051005100511, 15.1815181518152, 600], ""active_index"": 0, ""reverse_scale"": false}"
111;2020-05-04 07:53:26.88977;5;TRUE;"""3""";FALSE;12;TRUE;2020-05-04 07:53:32.754718;"{""response_id"": 511, ""propagate_failure"": false}";headphone_trial;13;1;"{""url"": ""https://s3.amazonaws.com/headphone-check/antiphase_HC_OIS.wav"", ""label"": ""OIS"", ""correct_answer"": ""3""}"
112;2020-05-04 07:53:37.719978;3;TRUE;-600;FALSE;;FALSE;;"{""response_id"": 514, ""propagate_failure"": false}";suggestion_trial;130;14;"{""vector"": [-547.8019334858495, -5.10051005100511, -600, 600, 600], ""active_index"": 0, ""reverse_scale"": false}"
113;2020-05-04 07:53:40.439722;4;TRUE;105.910.591.059.106;FALSE;;FALSE;;"{""response_id"": 517, ""propagate_failure"": false}";criticsm_trial;121;20;"{""vector"": [46.87869389205787, 220.09166757341347, -151.50955550783283, -460.10860577743074, 180.26982809382366], ""active_index"": 3, ""reverse_scale"": false}"
114;2020-05-04 07:53:50.607252;3;TRUE;-600;FALSE;;FALSE;;"{""response_id"": 515, ""propagate_failure"": false}";suggestion_trial;131;16;"{""vector"": [-600, 290.52733590769276, -5.10051005100511, 15.1815181518152, 600], ""active_index"": 1, ""reverse_scale"": false}"
115;2020-05-04 07:54:02.48817;3;TRUE;-600;FALSE;;FALSE;;"{""response_id"": 516, ""propagate_failure"": false}";suggestion_trial;129;15;"{""vector"": [-600, 414.7134823834149, 15.1815181518152, 600, 600], ""active_index"": 1, ""reverse_scale"": false}"
116;2020-05-04 07:54:13.960159;3;TRUE;-600;FALSE;;FALSE;;"{""response_id"": 518, ""propagate_failure"": false}";suggestion_trial;133;14;"{""vector"": [-600, 53.901841535703625, -600, 600, 600], ""active_index"": 1, ""reverse_scale"": false}"
117;2020-05-04 07:54:24.238253;4;TRUE;378.097.809.780.978;FALSE;;FALSE;;"{""response_id"": 521, ""propagate_failure"": false}";criticsm_trial;126;18;"{""vector"": [-463.95182074366426, 367.8393047417844, -428.622862286229, 536.238401716512, 319.32215337469665], ""active_index"": 3, ""reverse_scale"": false}"
118;2020-05-04 07:54:28.301746;3;TRUE;-600;FALSE;;FALSE;;"{""response_id"": 519, ""propagate_failure"": false}";suggestion_trial;134;16;"{""vector"": [-600, -600, -278.4524192141716, 15.1815181518152, 600], ""active_index"": 2, ""reverse_scale"": false}"
119;2020-05-04 07:54:38.866483;3;TRUE;151.815.181.518.152;FALSE;;FALSE;;"{""response_id"": 520, ""propagate_failure"": false}";suggestion_trial;135;15;"{""vector"": [-600, -600, -90.62451975056916, 600, 600], ""active_index"": 2, ""reverse_scale"": false}"
120;2020-05-04 07:55:03.39925;4;TRUE;206.720.672.067.207;FALSE;;FALSE;;"{""response_id"": 524, ""propagate_failure"": false}";criticsm_trial;136;20;"{""vector"": [46.87869389205787, 220.09166757341347, -151.50955550783283, 105.910591059106, 104.92858161104982], ""active_index"": 4, ""reverse_scale"": false}"
121;2020-05-04 07:55:30.924639;4;TRUE;-756.675.667.566.757;FALSE;;FALSE;;"{""response_id"": 529, ""propagate_failure"": false}";criticsm_trial;140;18;"{""vector"": [-463.95182074366426, 367.8393047417844, -428.622862286229, 378.097809780978, 267.23737176493637], ""active_index"": 4, ""reverse_scale"": false}"
122;2020-05-04 07:55:32.189949;3;TRUE;600;FALSE;;FALSE;;"{""response_id"": 526, ""propagate_failure"": false}";criticsm_trial;142;21;"{""vector"": [434.33745595313553, -2.8149140910667256, 2.437290030616623, -125.3898292797029, 481.2504161656848], ""active_index"": 0, ""reverse_scale"": false}"
123;04.05.20 07:55;3;TRUE;600;FALSE;;FALSE;;"{""response_id"": 528, ""propagate_failure"": false}";criticsm_trial;144;22;"{""vector"": [233.95321689928107, 398.1343389484009, 169.6586654003529, 285.59483268976385, -581.2262699840351], ""active_index"": 4, ""reverse_scale"": false}"
124;2020-05-04 07:56:03.243803;3;TRUE;600;FALSE;;FALSE;;"{""response_id"": 532, ""propagate_failure"": false}";criticsm_trial;146;23;"{""vector"": [-38.28838466322634, 118.65666154817643, 354.76280162144735, -87.04439275372226, 334.47076196762896], ""active_index"": 4, ""reverse_scale"": false}"
125;2020-05-04 07:56:04.649079;4;TRUE;226.882.688.268.827;FALSE;;FALSE;;"{""response_id"": 537, ""propagate_failure"": false}";criticsm_trial;147;20;"{""vector"": [-524.8088453296477, 220.09166757341347, -151.50955550783283, 105.910591059106, 206.720672067207], ""active_index"": 0, ""reverse_scale"": false}"
126;2020-05-04 07:56:05.113898;6;TRUE;"""1""";FALSE;8;FALSE;;"{""response_id"": 531, ""propagate_failure"": false}";headphone_trial;9;1;"{""url"": ""https://s3.amazonaws.com/headphone-check/antiphase_HC_SIO.wav"", ""label"": ""SIO"", ""correct_answer"": ""1""}"
127;2020-05-04 07:56:14.161734;6;TRUE;"""2""";FALSE;2;FALSE;;"{""response_id"": 533, ""propagate_failure"": false}";headphone_trial;3;1;"{""url"": ""https://s3.amazonaws.com/headphone-check/antiphase_HC_ISO.wav"", ""label"": ""ISO"", ""correct_answer"": ""2""}"
128;2020-05-04 07:56:14.950275;3;TRUE;600;FALSE;;FALSE;;"{""response_id"": 535, ""propagate_failure"": false}";criticsm_trial;148;21;"{""vector"": [600, 378.7475905899205, 2.437290030616623, -125.3898292797029, 481.2504161656848], ""active_index"": 1, ""reverse_scale"": false}"
129;2020-05-04 07:56:19.864651;6;TRUE;"""3""";FALSE;4;FALSE;;"{""response_id"": 534, ""propagate_failure"": false}";headphone_trial;5;1;"{""url"": ""https://s3.amazonaws.com/headphone-check/antiphase_HC_IOS.wav"", ""label"": ""IOS"", ""correct_answer"": ""3""}"
130;2020-05-04 07:56:25.400162;6;TRUE;"""1""";FALSE;6;FALSE;;"{""response_id"": 536, ""propagate_failure"": false}";headphone_trial;7;1;"{""url"": ""https://s3.amazonaws.com/headphone-check/antiphase_HC_SOI.wav"", ""label"": ""SOI"", ""correct_answer"": ""1""}"
131;2020-05-04 07:56:29.859992;3;TRUE;-600;FALSE;;FALSE;;"{""response_id"": 541, ""propagate_failure"": false}";criticsm_trial;149;22;"{""vector"": [341.93602512585437, 398.1343389484009, 169.6586654003529, 285.59483268976385, 600], ""active_index"": 0, ""reverse_scale"": false}"
132;2020-05-04 07:56:31.013146;6;TRUE;"""3""";FALSE;12;FALSE;;"{""response_id"": 538, ""propagate_failure"": false}";headphone_trial;13;1;"{""url"": ""https://s3.amazonaws.com/headphone-check/antiphase_HC_OIS.wav"", ""label"": ""OIS"", ""correct_answer"": ""3""}"
133;2020-05-04 07:56:32.666904;4;TRUE;151.815.181.518.152;FALSE;;FALSE;;"{""response_id"": 544, ""propagate_failure"": false}";criticsm_trial;150;18;"{""vector"": [-473.60651406397085, 367.8393047417844, -428.622862286229, 378.097809780978, -75.6675667566757], ""active_index"": 0, ""reverse_scale"": false}"
134;2020-05-04 07:56:36.313678;6;TRUE;"""2""";FALSE;10;FALSE;;"{""response_id"": 539, ""propagate_failure"": false}";headphone_trial;11;1;"{""url"": ""https://s3.amazonaws.com/headphone-check/antiphase_HC_OSI.wav"", ""label"": ""OSI"", ""correct_answer"": ""2""}"
135;2020-05-04 07:56:45.435777;3;TRUE;600;FALSE;;FALSE;;"{""response_id"": 545, ""propagate_failure"": false}";criticsm_trial;151;23;"{""vector"": [-537.0028626693903, 118.65666154817643, 354.76280162144735, -87.04439275372226, 600], ""active_index"": 0, ""reverse_scale"": false}"
136;2020-05-04 07:56:57.670272;4;TRUE;-357.935.793.579.358;FALSE;;FALSE;;"{""response_id"": 547, ""propagate_failure"": false}";criticsm_trial;153;20;"{""vector"": [226.882688268827, -324.68262709214844, -151.50955550783283, 105.910591059106, 206.720672067207], ""active_index"": 1, ""reverse_scale"": false}"
137;2020-05-04 07:57:00.014806;3;TRUE;-600;FALSE;;FALSE;;"{""response_id"": 546, ""propagate_failure"": false}";criticsm_trial;152;21;"{""vector"": [600, 600, -342.1943994946457, -125.3898292797029, 481.2504161656848], ""active_index"": 2, ""reverse_scale"": false}"
138;2020-05-04 07:57:16.831229;3;TRUE;600;FALSE;;FALSE;;"{""response_id"": 548, ""propagate_failure"": false}";criticsm_trial;154;22;"{""vector"": [-600, 389.97273831824884, 169.6586654003529, 285.59483268976385, 600], ""active_index"": 1, ""reverse_scale"": false}"
139;2020-05-04 07:57:24.459467;4;TRUE;418.541.854.185.419;FALSE;;FALSE;;"{""response_id"": 552, ""propagate_failure"": false}";criticsm_trial;155;18;"{""vector"": [15.1815181518152, -266.55430872545725, -428.622862286229, 378.097809780978, -75.6675667566757], ""active_index"": 1, ""reverse_scale"": false}"
140;2020-05-04 07:57:26.051412;3;TRUE;510.051.005.100.509;FALSE;;FALSE;;"{""response_id"": 550, ""propagate_failure"": false}";criticsm_trial;156;23;"{""vector"": [600, 220.29654547554617, 354.76280162144735, -87.04439275372226, 600], ""active_index"": 1, ""reverse_scale"": false}"
141;2020-05-04 07:57:48.510255;3;TRUE;600;FALSE;;FALSE;;"{""response_id"": 554, ""propagate_failure"": false}";criticsm_trial;157;21;"{""vector"": [600, 600, -600, -504.06867409335695, 481.2504161656848], ""active_index"": 3, ""reverse_scale"": false}"
142;2020-05-04 07:57:54.791181;4;TRUE;-136.153.615.361.536;FALSE;;FALSE;;"{""response_id"": 560, ""propagate_failure"": false}";criticsm_trial;158;20;"{""vector"": [226.882688268827, -357.935793579358, 490.04025922032974, 105.910591059106, 206.720672067207], ""active_index"": 2, ""reverse_scale"": false}"
143;2020-05-04 07:58:00.924086;3;TRUE;-600;FALSE;;FALSE;;"{""response_id"": 556, ""propagate_failure"": false}";criticsm_trial;159;22;"{""vector"": [-600, 600, 599.4376154319486, 285.59483268976385, 600], ""active_index"": 2, ""reverse_scale"": false}"
144;04.05.20 07:58;6;TRUE;54.959.495.949.595;FALSE;;FALSE;;"{""response_id"": 557, ""propagate_failure"": false}";criticsm_trial;163;24;"{""vector"": [-385.90998374827024, 493.11940911034253, -405.4413194273238, -84.89575037504528, 245.11679155332536], ""active_index"": 2, ""reverse_scale"": false}"
145;2020-05-04 07:58:16.809193;3;TRUE;600;FALSE;;FALSE;;"{""response_id"": 558, ""propagate_failure"": false}";criticsm_trial;160;23;"{""vector"": [600, 5.10051005100509, 574.8464995411498, -87.04439275372226, 600], ""active_index"": 2, ""reverse_scale"": false}"
146;2020-05-04 07:58:27.242018;3;TRUE;-510.051.005.100.511;FALSE;;FALSE;;"{""response_id"": 563, ""propagate_failure"": false}";criticsm_trial;164;21;"{""vector"": [600, 600, -600, 600, 45.79549649341891], ""active_index"": 4, ""reverse_scale"": false}"
147;2020-05-04 07:58:32.858829;4;TRUE;-105.910.591.059.106;FALSE;;FALSE;;"{""response_id"": 567, ""propagate_failure"": false}";criticsm_trial;161;18;"{""vector"": [15.1815181518152, 418.541854185419, 533.330009039307, 378.097809780978, -75.6675667566757], ""active_index"": 2, ""reverse_scale"": false}"
148;2020-05-04 07:58:37.652082;6;TRUE;438.703.870.387.039;FALSE;;FALSE;;"{""response_id"": 564, ""propagate_failure"": false}";criticsm_trial;171;26;"{""vector"": [-281.0694949290468, -32.817104379628404, 597.1966943528714, -243.652223651391, 258.99008841462444], ""active_index"": 2, ""reverse_scale"": false}"
149;2020-05-04 07:58:42.589551;3;TRUE;600;FALSE;;FALSE;;"{""response_id"": 565, ""propagate_failure"": false}";criticsm_trial;167;23;"{""vector"": [600, 5.10051005100509, 600, 566.0930458807661, 600], ""active_index"": 3, ""reverse_scale"": false}"
150;2020-05-04 07:58:50.627999;6;TRUE;151.815.181.518.152;FALSE;;FALSE;;"{""response_id"": 569, ""propagate_failure"": false}";criticsm_trial;173;27;"{""vector"": [300.25885500698905, 284.4535503013775, -497.2937605174897, -211.77317351015392, -271.16175719116404], ""active_index"": 1, ""reverse_scale"": false}"
151;2020-05-04 07:58:54.927136;3;TRUE;600;FALSE;;FALSE;;"{""response_id"": 566, ""propagate_failure"": false}";criticsm_trial;175;21;"{""vector"": [-136.04289465054507, 600, -600, 600, -5.10051005100511], ""active_index"": 0, ""reverse_scale"": false}"
152;2020-05-04 07:59:10.352652;3;TRUE;-600;FALSE;;FALSE;;"{""response_id"": 568, ""propagate_failure"": false}";criticsm_trial;177;23;"{""vector"": [600, 5.10051005100509, 600, 600, 581.4498585204817], ""active_index"": 4, ""reverse_scale"": false}"
153;2020-05-04 07:59:14.878231;4;TRUE;337.773.777.377.738;FALSE;;FALSE;;"{""response_id"": 572, ""propagate_failure"": false}";criticsm_trial;174;20;"{""vector"": [226.882688268827, -357.935793579358, -136.153615361536, 158.98363567285503, 206.720672067207], ""active_index"": 3, ""reverse_scale"": false}"
154;2020-05-04 07:59:20.801125;3;TRUE;600;FALSE;;FALSE;;"{""response_id"": 570, ""propagate_failure"": false}";criticsm_trial;178;21;"{""vector"": [600, 76.91991795070112, -600, 600, -5.10051005100511], ""active_index"": 1, ""reverse_scale"": false}"
155;2020-05-04 07:59:24.941885;6;FALSE;;FALSE;;FALSE;;"{""propagate_failure"": false}";criticsm_trial;169;25;"{""vector"": [-329.1748549989264, -472.3440435252824, -144.35807732930226, -161.8581124906484, 440.3513503918557], ""active_index"": 0, ""reverse_scale"": false}"
156;2020-05-04 07:59:32.304583;3;TRUE;600;FALSE;;FALSE;;"{""response_id"": 571, ""propagate_failure"": false}";criticsm_trial;180;23;"{""vector"": [387.61461328351083, 5.10051005100509, 600, 600, -600], ""active_index"": 0, ""reverse_scale"": false}"
157;2020-05-04 07:59:41.718602;3;TRUE;-600;FALSE;;FALSE;;"{""response_id"": 573, ""propagate_failure"": false}";criticsm_trial;182;21;"{""vector"": [600, 600, -239.6750092928258, 600, -5.10051005100511], ""active_index"": 2, ""reverse_scale"": false}"
158;2020-05-04 07:59:48.363336;4;FALSE;;FALSE;;FALSE;;"{""propagate_failure"": false}";criticsm_trial;179;18;"{""vector"": [15.1815181518152, 418.541854185419, -105.910591059106, 559.5803301915378, -75.6675667566757], ""active_index"": 3, ""reverse_scale"": false}"
159;2020-05-04 07:59:50.894036;3;FALSE;;FALSE;;FALSE;;"{""propagate_failure"": false}";criticsm_trial;183;23;"{""vector"": [600, -77.41236770838384, 600, 600, -600], ""active_index"": 1, ""reverse_scale"": false}"